,OPMRDB025_ROC_C3_Act_M0,EBA_DATE,OPMMDB024_MOC_C3_ORU_Act_M0,OPMMDS013_C3_SC_Act_M0,OPMMDB038_C3_OCU_Act_M0,MOC_C3_Net_M0_Act,Total_M0_Act,MPSPC3019_TPE_PP_1_M0,MPSPC3020_TPE_PP_2_M0,MPSPC3021_Total_TPE_Site_7_M0,MPOOC3008_Dow_HPPO_M0,ODMC3P026_Dow_RTC_Transfer_M0,ODMC3P023_TPE_BTF_Transfer_M0,MPOOC3007_HMC_M0,MPSPC3001_PTT_Supply_M0,TPE_BTF_Transfer_M0,Total_TPE_Site_1_M0,TPE_total_M0,Total_Dow_M0,Total Customer_M0,Production-Customer_Act_M0,M1_H05MOC004_MOC_C3_ORU,M1_H05MOC420_C3_SC,M1_H05MOC005_C3_OCU,M1_H05ROC003_ROC_C3,Month_M1,Year_M1,day_in_month_M1,M1_MOC_C3_Net,M1_Total,MPSPC3019_TPE_PP_1_M1,MPSPC3020_TPE_PP_2_M1,MPSPC3021_Total_TPE_Site_7_M1,MPOOC3008_Dow_HPPO_M1,ODMC3P026_Dow_RTC_Transfer_M1,ODMC3P023_TPE_BTF_Transfer_M1,MPOOC3007_HMC_M1,MPSPC3001_PTT_Supply_M1,TPE_BTF_Transfer_M1,Total_TPE_Site_1_M1,TPE_total_M1,Total_Dow_M1,Total Customer_M1,Production-Customer_M1,Unnamed: 0_x,timestamp_x,ROC_C3,MOC_C3_ORU,MOC_C3_OCU,MOC_C3_SC,MOC_C3,Input_Total,TPE_BTF_Transfer,TPE_PTT_Supply,TPE_Total_Site1,TPE_PP3,TPE_Total,HMC_A,HMC_B,HMC_Total,Total_Dow(Dummy),Output_Total,Balance,Total_Dow_Plan,ROC_C3_Plan,Output_Total_New,Input_Total_New,Balance_New,Accumulation_EBA_M1,Accumulation_EBA_M0,Accumulation_PI,Balanc_PI_EBA_M0,Accumulation_PI_EBA_M0,Balanc_PI_EBA_M1,Accumulation_PI_EBA_M1,Unnamed: 0_y,Unnamed: 0.1,timestamp_y,ROC_TK_1300A,ROC_TK_1300C,MOC_TK_1310A,MOC_TK_1310B,MOC_TK_1310C,MTT_TK_301A,MTT_TK_301B,C3_Site,C3_Total,C3_avail,%C3_avail,Max_C3_Inventory,Min_C3_Inventory,Balance_MTT_TK_301A_B,Max_C3_Inventory_Op,Min_C3_Inventory_Op
0,0.0,2022-10-01,68.19999448,0.0,29.43166318,97.63165766,97.63165766,15.537916666666668,24.5625,49.60916666666666,35.5,0.08241667,0.0,0.0,0.0,40.10041666666667,40.10041666666667,89.70958333333333,35.58241667,125.29200000333333,-27.660342343333326,,,,,,,,,,,,,,,,,,,,,,,,30.0,2022-10-01 00:00:00,26.783599853515625,69.45429313161884,30.883161695473724,3.969631669173638,104.3070864962662,131.09068634978183,20.266681394908165,20.27161005569829,40.53829145060645,49.60711881657441,90.14541026718086,0.0,0.0,0.0,49.60711881657441,139.7525290837553,-8.661842733973458,35.58241667,0.0,125.72782693718086,104.3070864962662,-21.42074044091467,,-27.660342343333326,-21.42074044091467,-21.42074044091467,-21.42074044091467,-21.42074044091467,-21.42074044091467,30.0,30.0,2022-10-01 00:00:00+00:00,473.330933,116.028641,2016.56091,1116.4502,277.8587,2985.769,3185.89063,4000.229384,9778.001673,4421.998327000001,68.85916671126759,9800,2540,6171.65963,14274,903
1,0.0,2022-10-02,68.20000086,4.24013247,29.50610734,101.94624067000001,101.94624067000001,15.3125,24.552083333333332,49.663333333333334,38.66666667,0.01316667,0.0,0.0,0.0,39.86458333333333,39.86458333333333,89.52791666666667,38.679833339999995,128.20775000666666,-26.26150933666665,,,,,,,,,,,,,,,,,,,,,,,,31.0,2022-10-02 00:00:00,26.783599853515625,68.62474336055668,30.96125052292737,4.1617058580120405,103.74769974149608,130.53129959501172,20.2200860481792,20.201613264415,40.4216993125942,49.6628042365445,90.0845035491387,0.0,0.0,0.0,49.6628042365445,139.7473077856832,-9.216008190671488,38.679833339999995,0.0,128.7643368891387,103.74769974149608,-25.016637147642612,,-53.921851679999975,-46.43737758855728,-25.016637147642612,-46.43737758855728,-25.016637147642612,-46.43737758855728,31.0,31.0,2022-10-02 00:00:00+00:00,473.10083,114.919693,2043.36658,511.380951,277.362427,2989.18872,3195.38379,3420.130481,9212.420871,4987.579129,64.87620331690141,9800,2540,6184.57251,14274,903
2,0.0,2022-10-03,68.2000065,4.22941433,29.52476333,101.95418416,101.95418416,15.566249999999998,24.55458333333333,49.60041666666667,38.66666667,0.21479167,-6.21238728,0.0,0.0,40.12083333333333,33.90844605333333,83.50886272,38.881458339999995,122.39032105999999,-20.436136899999994,,,,,,,,,,,,,,,,,,,,,,,,32.0,2022-10-03 00:00:00,26.783599853515625,68.2147959291935,30.841208427433983,4.168859918912252,103.22486427553972,130.00846412905537,20.152744296193124,20.154181845916643,40.306926142109766,49.59764896505335,89.90457510716311,0.0,0.0,0.0,49.59764896505335,139.50222407221645,-9.49375994316108,38.881458339999995,0.0,128.7860334471631,103.22486427553972,-25.56116917162339,,-74.35798857999997,-71.99854676018067,-25.56116917162339,-71.99854676018067,-25.56116917162339,-71.99854676018067,32.0,32.0,2022-10-03 00:00:00+00:00,472.209,115.588516,1549.13843,390.7382,277.521423,2984.926,3184.92139,2805.1955690000004,8581.93302,5618.06698,60.436148028169015,9800,2540,6169.84739,14274,903
3,0.0,2022-10-04,68.19999679,4.17674904,29.60209107,101.9788369,101.9788369,15.6825,24.349166666666665,49.50958333333333,38.66666667,-0.18495833,-9.23236272,0.0,0.0,40.031666666666666,30.79930394666667,80.30888728,38.48170834,118.79059561999999,-16.811758719999986,,,,,,,,,,,,,,,,,,,,,,,,33.0,2022-10-04 00:00:00,26.783599853515625,68.51288565406828,30.05335115910521,4.059924139082431,102.62616095225592,129.40976080577155,15.843624214364423,15.808289810187286,31.651914024551708,49.510383085818,81.1622971103697,0.0,0.0,0.0,49.510383085818,130.6726801961877,-1.2629193904161582,38.48170834,0.0,119.6440054503697,102.62616095225592,-17.01784449811379,,-91.16974729999995,-89.01639125829446,-17.01784449811379,-89.01639125829446,-17.01784449811379,-89.01639125829446,33.0,33.0,2022-10-04 00:00:00+00:00,472.675873,116.454437,856.729065,399.074371,278.7425,2982.86938,3183.6106,2123.676246,7894.959289,6305.040711,55.59830485211268,9800,2540,6166.47998,14274,903
4,0.0,2022-10-05,68.19999755,4.21972329,39.63940367,112.05912451,112.05912451,3.93375,6.7995833333333335,50.13458333333333,38.66666667,0.24091667,-3.88702996,0.0,0.0,10.733333333333334,6.846303373333335,56.980886706666666,38.907583339999995,95.88847004666667,16.170654463333335,,,,,,,,,,,,,,,,,,,,,,,,34.0,2022-10-05 00:00:00,26.783599853515625,68.44287449234051,34.97447908821003,4.105418269832929,107.52277185038346,134.3063717038991,3.487273696756211,3.280599446346686,6.767873143102896,50.13421767029792,56.90209081340081,0.0,0.0,0.0,50.13421767029792,107.03630848369872,27.27006322020037,38.907583339999995,0.0,95.8096741534008,107.52277185038346,11.713097696982658,,-74.99909283666662,-77.3032935613118,11.713097696982658,-77.3032935613118,11.713097696982658,-77.3032935613118,34.0,34.0,2022-10-05 00:00:00+00:00,473.5125,117.066711,415.958221,380.44574,278.628662,2983.148,3184.15845,1665.611834,7437.222911,6762.777089,52.37480923239437,9800,2540,6167.30645,14274,903
5,0.0,2022-10-06,68.20000593,4.16692324,39.47492721,111.84185638,111.84185638,0.0,0.21375,55.9625,38.66666667,-0.12158333,-0.77523871,0.0,0.0,0.21375,-0.56148871,55.40101129,38.54508334,93.94609463,17.89576174999999,,,,,,,,,,,,,,,,,,,,,,,,35.0,2022-10-06 00:00:00,26.783599853515625,67.60302336480882,33.10637084809983,3.970682672907909,104.68007688581656,131.4636767393322,0.3029287412762642,0.172621530170242,0.4755502714465062,55.96540607714947,56.440956348595975,0.0,0.0,0.0,55.96540607714947,112.40636242574544,19.057314313586744,38.54508334,0.0,94.98603968859598,104.68007688581656,9.694037197220581,,-57.10333108666663,-67.60925636409122,9.694037197220581,-67.60925636409122,9.694037197220581,-67.60925636409122,35.0,35.0,2022-10-06 00:00:00+00:00,473.239838,116.267616,783.7227,311.703156,277.9638,2983.86938,3184.61475,1962.89711,7737.149824,6462.850176,54.486970591549294,9800,2540,6168.484130000001,14274,903
6,0.0,2022-10-07,68.19999755,4.16883578,29.86283412,102.23166745,102.23166745,0.0,0.0,57.06666666666666,38.66666667,-0.06325,0.88647116,0.32083333,0.0,0.0,0.88647116,57.95313782666666,38.60341667,96.87738782666666,5.3542796233333405,,,,,,,,,,,,,,,,,,,,,,,,36.0,2022-10-07 00:00:00,26.783599853515625,67.11088085731205,33.38730650735432,4.004755454262098,104.50294281892846,131.28654267244409,0.0,0.0,0.0,57.05771262161059,57.05771262161059,0.3075636553601384,0.0,0.3075636553601384,57.05771262161059,114.42298889858132,16.863553773862762,38.60341667,0.0,95.96869294697073,104.50294281892846,8.534249871957726,,-51.74905146333329,-59.0750064921335,8.534249871957726,-59.0750064921335,8.534249871957726,-59.0750064921335,36.0,36.0,2022-10-07 00:00:00+00:00,472.592651,115.584717,1048.67444,312.934357,278.218048,2982.78955,3183.91821,2228.004213,8000.909207999999,6199.090792000001,56.34443104225352,9800,2540,6166.707759999999,14274,903
7,0.0,2022-10-08,68.19999642,4.22499108,30.44265245,102.86763995,102.86763995,0.0,0.0,49.34583333333333,38.66666667,5.15704167,-0.17677338,13.94154167,0.0,0.0,-0.17677338,49.16905995333333,43.823708339999996,106.93430996333333,-4.066670013333336,,,,,,,,,,,,,,,,,,,,,,,,37.0,2022-10-08 00:00:00,26.783599853515625,66.75797306731896,34.18001939326525,4.10500055924058,105.0429930198248,131.82659287334042,0.0,0.0,0.0,49.3444636811202,49.3444636811202,13.880148111727502,0.0,13.880148111727502,49.3444636811202,112.5690754739679,19.25751739937252,43.823708339999996,0.0,107.0483201328477,105.0429930198248,-2.0053271130229007,,-55.815721476666624,-61.0803336051564,-2.0053271130229007,-61.0803336051564,-2.0053271130229007,-61.0803336051564,37.0,37.0,2022-10-08 00:00:00+00:00,473.0163,116.02533,1281.45264,315.7957,278.267853,2982.97974,3184.40356,2464.557823,8237.64794,5962.352059999999,58.011605211267614,9800,2540,6167.3833,14274,903
8,0.0,2022-10-09,68.19999442,4.19491392,30.54503206,102.9399404,102.9399404,0.0,0.0,49.32916666666667,38.66666667,10.42675,-0.5808088,13.47970833,0.0,0.0,-0.5808088,48.74835786666667,49.093416669999996,111.32148286666666,-8.381542466666659,,,,,,,,,,,,,,,,,,,,,,,,38.0,2022-10-09 00:00:00,26.783599853515625,66.82515602977188,33.62712804682682,3.779453834146261,104.23173791074495,131.01533776426058,0.0762361119190851,0.0632881961762905,0.1395243080953757,49.33430049214319,49.47382480023857,13.745428772062064,0.0,13.745428772062064,49.33430049214319,112.55355406444384,18.46178369981675,49.093416669999996,0.0,112.31267024230064,104.23173791074495,-8.080932331555687,,-64.19726394333328,-69.16126593671208,-8.080932331555687,-69.16126593671208,-8.080932331555687,-69.16126593671208,38.0,38.0,2022-10-09 00:00:00+00:00,473.093872,115.701279,1273.72021,316.849518,278.015564,2983.86719,3185.19531,2457.380443,8232.7261,5967.2739,57.97694436619718,9800,2540,6169.0625,14274,903
9,0.0,2022-10-10,68.20000121,4.17636129,30.50040859,102.87677109,102.87677109,1.9075,0.0,47.55291666666667,38.66666667,10.861125,0.99994565,7.49125,0.0,1.9075,2.90744565,50.46036231666667,49.52779167,107.47940398666667,-4.6026328966666625,,,,,,,,,,,,,,,,,,,,,,,,39.0,2022-10-10 00:00:00,26.783599853515625,66.83437922933595,34.425629126038814,3.732784912735224,104.99279326811,131.77639312162563,0.8586255475050873,0.8645642354541148,1.723189782959202,47.54478666868842,49.26797645164763,7.527631012938083,0.0,7.527631012938083,47.54478666868842,104.34039413327416,27.43599898835149,49.52779167,0.0,106.32339913458571,104.99279326811,-1.3306058664757074,,-68.79989683999995,-70.49187180318779,-1.3306058664757074,-70.49187180318779,-1.3306058664757074,-70.49187180318779,39.0,39.0,2022-10-10 00:00:00+00:00,472.494934,114.761581,1048.00146,317.646332,277.964172,2985.621,3185.74829,2230.868479,8009.512016000001,6190.487983999999,56.4050141971831,9800,2540,6171.369290000001,14274,903
10,0.0,2022-10-11,68.19999889,4.16023445,30.51744501,102.87767835000001,102.87767835000001,0.26416666666666666,0.0,50.642500000000005,38.66666667,10.65879167,1.43339237,9.342125,0.0,0.26416666666666666,1.6975590366666666,52.34005903666667,49.32545834,111.00764237666667,-8.129964026666656,,,,,,,,,,,,,,,,,,,,,,,,40.0,2022-10-11 00:00:00,26.783599853515625,67.09529346985941,33.83031426120172,4.044905492663384,104.97051322372452,131.75411307724016,0.1255143225789045,0.1387917895904845,0.2643061121693891,50.643878201082906,50.90818431325229,9.124173958014696,0.0,9.124173958014696,50.643878201082906,110.6762364723499,21.077876604890264,49.32545834,0.0,109.35781661126698,104.97051322372452,-4.38730338754246,,-76.9298608666666,-74.87917519073025,-4.38730338754246,-74.87917519073025,-4.38730338754246,-74.87917519073025,40.0,40.0,2022-10-11 00:00:00+00:00,472.543457,116.971359,1017.37732,322.424835,277.840485,2980.94727,3182.97168,2207.157456,7976.264562,6223.735438,56.1708771971831,9800,2540,6163.91895,14274,903
11,0.0,2022-10-12,68.19999519,4.20493398,30.37449559,102.77942476,102.77942476,8.155,0.0,50.18375,38.66666667,5.06175,0.26540573,14.58333333,0.0,8.155,8.420405729999999,58.60415573,43.72841667,116.91590573,-14.136480970000008,,,,,,,,,,,,,,,,,,,,,,,,41.0,2022-10-12 00:00:00,26.783599853515625,69.77917954634736,28.48921514505148,3.96751670986414,102.23591140126298,129.0195112547786,3.878524190493756,3.872086173204912,7.750610363698668,50.18228654616556,57.93289690986423,15.16104423844946,0.0,15.16104423844946,50.18228654616556,123.27622769447925,5.743283560299346,43.72841667,0.0,116.8223578183137,102.23591140126298,-14.586446417050723,,-91.06634183666661,-89.46562160778097,-14.586446417050723,-89.46562160778097,-14.586446417050723,-89.46562160778097,41.0,41.0,2022-10-12 00:00:00+00:00,472.9522,118.966522,908.1808,327.103333,278.215363,2974.90869,3179.34521,2105.418218,7862.490233,6337.509767,55.36964952816901,9800,2540,6154.2539,14274,903
12,0.0,2022-10-13,68.19999559,4.16450441,30.41649672,102.78099672,102.78099672,16.210833333333333,0.0,49.600833333333334,38.66666667,-0.01345833,-11.12777613,8.33333333,0.0,16.210833333333333,5.0830572033333326,54.68389053666667,38.65320834,101.67043220666666,1.110564513333344,,,,,,,,,,,,,,,,,,,,,,,,42.0,2022-10-13 00:00:00,26.783599853515625,71.61015731096268,27.026933686243904,4.104861868917942,102.74195286612452,129.52555271964013,3.2830805649442807,3.239250474729472,6.522331039673753,49.6070396819674,56.12937072164115,6.429975262656387,0.0,6.429975262656387,49.6070396819674,112.16638566626492,17.359167053375202,38.65320834,0.0,101.21255432429753,102.74195286612452,1.5293985418269926,,-89.95577732333327,-87.93622306595398,1.5293985418269926,-87.93622306595398,1.5293985418269926,-87.93622306595398,42.0,42.0,2022-10-13 00:00:00+00:00,474.115173,118.372635,572.4716,329.4287,278.608032,2922.42529,3180.80737,1772.9961400000002,7479.248133000001,6720.751866999999,52.670761500000005,9800,2540,6103.23266,14274,903
13,0.0,2022-10-14,68.20000089,4.21404077,30.61678183,103.03082348999999,103.03082348999999,16.215,0.2604166666666667,52.9575,38.66666667,-0.047875,-10.03686633,4.58333333,0.0,16.475416666666668,6.438550336666667,59.39605033666667,38.61879167,102.59817533666667,0.43264815333331796,,,,,,,,,,,,,,,,,,,,,,,,43.0,2022-10-14 00:00:00,26.783599853515625,71.3612582842509,27.195679462966,4.068493469059467,102.62543121627635,129.40903106979198,3.379097559476892,3.3600353282772835,6.739132887754176,52.96150105922691,59.700633946981085,5.366482962365299,0.0,5.366482962365299,52.96150105922691,118.02861796857329,11.380413101218693,38.61879167,0.0,103.68590857934637,102.62543121627635,-1.0604773630700208,,-89.52312916999995,-88.996700429024,-1.0604773630700208,-88.996700429024,-1.0604773630700208,-88.996700429024,43.0,43.0,2022-10-14 00:00:00+00:00,473.938843,116.596306,1032.15076,329.816681,278.950073,2567.5957,3182.95654,2231.452663,7586.458524,6613.541476,53.42576425352112,9800,2540,5750.55224,14274,903
14,0.0,2022-10-15,68.19999441,4.17822642,30.38249269,102.76071352,102.76071352,17.46375,1.8724999999999998,53.7925,38.04166667,0.08395833,-10.20110797,2.5,0.0,19.33625,9.135142029999999,62.927642029999994,38.125625,103.55326703,-0.7925535100000047,,,,,,,,,,,,,,,,,,,,,,,,44.0,2022-10-15 00:00:00,26.783599853515625,71.0160247762998,27.414050840364197,3.971493829290072,102.40156944595408,129.1851692994697,5.092570363332828,5.053486099193494,10.14605646252632,53.79443974318095,63.94049620570728,3.75298548859229,0.0,3.75298548859229,53.79443974318095,121.48792143748052,7.697247861989183,38.125625,0.0,105.81910669429956,102.40156944595408,-3.4175372483454822,,-90.31568267999995,-92.41423767736948,-3.4175372483454822,-92.41423767736948,-3.4175372483454822,-92.41423767736948,44.0,44.0,2022-10-15 00:00:00+00:00,473.297119,115.341721,1445.37781,329.352,278.2137,2206.57227,3184.274,2641.58235,7638.873199,6561.126801,53.7948816830986,9800,2540,5390.84627,14274,903
15,0.0,2022-10-16,68.19999997,4.17522503,30.44139427,102.81661927,102.81661927,14.62,14.083333333333334,53.44291666666667,38.04166667,-0.007375,-15.23512551,1.875,0.0,28.703333333333333,13.468207823333334,66.91112449,38.034291669999995,106.82041616000001,-4.003796890000004,,,,,,,,,,,,,,,,,,,,,,,,45.0,2022-10-16 00:00:00,26.783599853515625,71.63406037012736,27.22212397322758,3.9868425806363423,102.84302692399127,129.6266267775069,6.41043229393661,6.39266295687192,12.80309525080853,53.44734389289515,66.25043914370367,5.384722472121388,0.0,5.384722472121388,53.44734389289515,125.0825055087202,4.544121268786711,38.034291669999995,0.0,109.66945328582506,102.84302692399127,-6.826426361833782,,-94.31947956999996,-99.24066403920327,-6.826426361833782,-99.24066403920327,-6.826426361833782,-99.24066403920327,45.0,45.0,2022-10-16 00:00:00+00:00,472.682953,116.451225,1683.96375,330.537323,277.654419,1903.48718,3182.24658,2881.28967,7572.917786,6627.082214,53.33040694366197,9800,2540,5085.73376,14274,903
16,0.0,2022-10-17,68.19999849,4.15845568,30.50278629,102.86124046,102.86124046,11.600416666666668,20.380416666666665,53.57749999999999,38.04166667,-0.10516667,-14.80885662,2.70833333,0.0,31.980833333333333,17.171976713333333,70.74947671333332,37.936499999999995,111.39431004333332,-8.533069583333315,,,,,,,,,,,,,,,,,,,,,,,,46.0,2022-10-17 00:00:00,26.783599853515625,70.4218235397339,27.52494327658525,4.085951944688956,102.03271876100813,128.81631861452374,8.37515039804909,8.389206063648064,16.764356461697155,53.576209834845706,70.34056629654286,4.164461173867259,0.0,4.164461173867259,53.576209834845706,128.08123730525585,0.7350813092679118,37.936499999999995,0.0,112.44152747041011,102.03271876100813,-10.408808709401981,,-102.85254915333327,-109.64947274860525,-10.408808709401981,-109.64947274860525,-10.408808709401981,-109.64947274860525,46.0,46.0,2022-10-17 00:00:00+00:00,472.864136,119.32074,1725.7074,336.216644,277.914734,1658.249,3178.11768,2932.023654,7371.154860000001,6828.845139999999,51.90954126760563,9800,2540,4836.36668,14274,903
17,0.0,2022-10-18,68.2,4.21719584,29.49710875,101.91430459,101.91430459,11.762916666666667,20.484583333333333,53.278333333333336,38.04166667,0.39429167,-15.14630276,3.33333333,0.0,32.2475,17.101197240000005,70.37953057333334,38.43595834,112.14882224333334,-10.234517653333342,,,,,,,,,,,,,,,,,,,,,,,,47.0,2022-10-18 00:00:00,26.783599853515625,69.91789346377055,28.808578195864403,4.085093344251315,102.81156500388629,129.5951648574019,8.749893736739953,8.81073834002018,17.560632076760132,53.276001832311536,70.83663390907167,5.704442272220739,0.0,5.704442272220739,53.276001832311536,129.81707801360395,-0.2219131562020493,38.43595834,0.0,114.97703452129241,102.81156500388629,-12.165469517406123,,-113.08706680666661,-121.81494226601137,-12.165469517406123,-121.81494226601137,-12.165469517406123,-121.81494226601137,47.0,47.0,2022-10-18 00:00:00+00:00,474.383728,120.199257,1715.09131,340.321777,279.4445,942.6165799999999,3178.943,3357.629067482594,7358.989390482594,7068.643604999999,50.2208196830986,9800,2540,4121.55958,14274,903
18,0.0,2022-10-19,68.1999993,4.1381507,29.25329469,101.59144469,101.59144469,11.784999999999998,20.583333333333332,53.22083333333333,38.04166667,0.0,-15.0,7.91666667,0.0,32.36833333333333,17.368333333333332,70.58916666666667,38.04166667,116.54750000666667,-14.956055316666664,,,,,,,,,,,,,,,,,,,,,,,,48.0,2022-10-19 00:00:00,26.783599853515625,69.55491730653107,28.541592145463948,4.0624237139714605,102.15893316596647,128.94253301948208,9.099303142802976,9.09770666294662,18.197009805749595,53.3317270673263,71.5287368730759,6.306784194284112,0.0,6.306784194284112,53.3317270673263,131.1672481346863,-2.2247151152042197,38.04166667,0.0,115.87718773736,102.15893316596647,-13.71825457139353,,-128.04312212333326,-135.5331968374049,-14.956055316666664,-136.77099758267804,,,48.0,48.0,2022-10-19 00:00:00+00:00,474.703918,120.199257,1668.01563,340.171082,279.4445,462.6165799999999,3178.943,3822.6730121659275,7344.033335165927,7349.215200000001,48.24496338028169,9800,2540,3641.55958,14274,903
19,0.0,2022-10-20,68.19999881,4.16165953,29.30858331,101.67024165,101.67024165,11.849166666666667,20.927083333333332,53.42583333333334,38.04166667,0.0,-15.0,7.5,0.0,32.77625,17.776249999999997,71.20208333333333,38.04166667,116.74375000333333,-15.073508353333338,,,,,,,,,,,,,,,,,,,,,,,,,,,,,,,,,,,,,,,,,,,38.04166667,0.0,,,,,-143.11663047666661,,-15.073508353333338,-151.8445059360114,,,,,,,120.199257,,,279.4445,462.6165799999999,3178.943,3807.599503812594,7328.959826812594,,,9800,2540,3641.55958,14274,903
20,0.0,2022-10-21,68.20000299,4.15935117,29.37864497,101.73799912999999,101.73799912999999,11.830833333333333,21.783749999999998,53.07041666666667,38.04166667,0.0,-15.0,6.875,0.0,33.61458333333333,18.61458333333333,71.685,38.04166667,116.60166667,-14.863667540000009,,,,,,,,,,,,,,,,,,,,,,,,,,,,,,,,,,,,,,,,,,,38.04166667,0.0,,,,,-157.9802980166666,,-14.863667540000009,-166.70817347601138,,,,,,,120.199257,,,279.4445,462.6165799999999,3178.943,3792.7358362725936,7314.0961592725935,,,9800,2540,3641.55958,14274,903
21,0.0,2022-10-22,68.19999778,4.13710222,29.38230309,101.71940309000001,101.71940309000001,11.725416666666668,23.854166666666668,49.51291666666666,38.04166667,0.0,-15.0,0.0,0.0,35.57958333333333,20.579583333333332,70.0925,38.04166667,108.13416667,-6.414763579999985,,,,,,,,,,,,,,,,,,,,,,,,,,,,,,,,,,,,,,,,,,,38.04166667,0.0,,,,,-164.3950615966666,,-6.414763579999985,-173.12293705601138,,,,,,,120.199257,,,279.4445,462.6165799999999,3178.943,3786.3210726925936,7307.6813956925935,,,9800,2540,3641.55958,14274,903
22,0.0,2022-10-23,68.19999958,4.15811708,28.19141275,100.54952940999999,100.54952940999999,11.725416666666668,24.552083333333332,0.0,38.04166667,25.0,0.0,0.0,0.0,36.2775,36.2775,36.2775,63.04166667,99.31916667,1.2303627399999897,,,,,,,,,,,,,,,,,,,,,,,,,,,,,,,,,,,,,,,,,,,63.04166667,0.0,,,,,-163.16469885666663,,1.2303627399999897,-171.8925743160114,,,,,,,120.199257,,,279.4445,462.6165799999999,3178.943,3787.5514354325933,7308.911758432593,,,9800,2540,3641.55958,14274,903
23,0.0,2022-10-24,68.19999997,4.1596917,28.27465997,100.63435163999999,100.63435163999999,11.679583333333333,24.62,0.0008333333333333334,38.04166667,25.0,0.0,0.0,0.0,36.29958333333333,36.29958333333333,36.30041666666666,63.04166667,99.34208333666666,1.29226830333333,,,,,,,,,,,,,,,,,,,,,,,,,,,,,,,,,,,,,,,,,,,63.04166667,0.0,,,,,-161.8724305533333,,1.29226830333333,-170.60030601267806,,,,,,,120.199257,,,279.4445,462.6165799999999,3178.943,3788.8437037359263,7310.204026735926,,,9800,2540,3641.55958,14274,903
24,0.0,2022-10-25,68.20000078,4.27367422,28.38655685,100.86023185,100.86023185,17.738834637916668,23.648206025833332,0.0,38.04166667,10.0,0.0,0.0,0.0,41.38704066375,41.38704066375,41.38704066375,48.04166667,89.42870733375,11.431524516250008,,,,,,,,,,,,,,,,,,,,,,,,,,,,,,,,,,,,,,,,,,,48.04166667,0.0,,,,,-150.44090603708327,,11.431524516250008,-159.16878149642804,,,,,,,120.199257,,,279.4445,462.6165799999999,3178.943,3800.275228252176,7321.635551252176,,,9800,2540,3641.55958,14274,903
25,0.0,2022-10-26,68.19999791,4.24473542,28.64234768,101.08708100999999,101.08708100999999,17.34739996875,23.648206025833332,0.0,38.04166667,10.0,15.0,0.0,0.0,40.99560599458333,55.99560599458333,55.99560599458333,48.04166667,104.03727266458333,-2.9501916545833353,,,,,,,,,,,,,,,,,,,,,,,,,,,,,,,,,,,,,,,,,,,48.04166667,0.0,,,,,-153.3910976916666,,-2.9501916545833353,-162.11897315101137,,,,,,,120.199257,,,279.4445,462.6165799999999,3178.943,3797.3250365975928,7318.685359597593,,,9800,2540,3641.55958,14274,903
26,0.0,2022-10-27,68.19999698,4.20937802,30.58029448,102.98966948,102.98966948,17.242378889166666,23.648206025833332,0.0,38.04166667,10.0,15.0,0.0,0.0,40.890584915,55.890584915,55.890584915,48.04166667,103.93225158499999,-0.9425821049999854,,,,,,,,,,,,,,,,,,,,,,,,,,,,,,,,,,,,,,,,,,,48.04166667,0.0,,,,,-154.3336797966666,,-0.9425821049999854,-163.06155525601136,,,,,,,120.199257,,,279.4445,462.6165799999999,3178.943,3796.382454492593,7317.742777492593,,,9800,2540,3641.55958,14274,903
27,0.0,2022-10-28,68.20000091,4.19658242,31.00863144,103.40521477,103.40521477,17.710253170416667,23.648206025833332,0.0,38.04166667,0.0,15.0,0.0,0.0,41.358459196249996,56.358459196249996,56.358459196249996,38.04166667,94.40012586625,9.005088903750007,,,,,,,,,,,,,,,,,,,,,,,,,,,,,,,,,,,,,,,,,,,38.04166667,0.0,,,,,-145.32859089291657,,9.005088903750007,-154.05646635226134,,,,,,,120.199257,,,279.4445,462.6165799999999,3178.943,3805.387543396343,7326.747866396343,,,9800,2540,3641.55958,14274,903
28,0.0,2022-10-29,68.19999733,4.27496517,31.38364246,103.85860496000001,103.85860496000001,17.715133333333334,23.648206025833332,0.0,38.66666667,0.0,15.0,0.0,0.0,41.363339359166666,56.363339359166666,56.363339359166666,38.66666667,95.03000602916666,8.828598930833351,,,,,,,,,,,,,,,,,,,,,,,,,,,,,,,,,,,,,,,,,,,38.66666667,0.0,,,,,-136.49999196208321,,8.828598930833351,-145.227867421428,,,,,,,120.199257,,,279.4445,462.6165799999999,3178.943,3814.2161423271764,7335.576465327176,,,9800,2540,3641.55958,14274,903
29,0.0,2022-10-30,68.19999901,4.27015516,31.18285612,103.65301029,103.65301029,13.701099999999999,23.648206025833332,0.0,38.66666667,0.0,15.0,0.0,0.0,37.34930602583333,52.34930602583333,52.34930602583333,38.66666667,91.01597269583333,12.63703759416667,,,,,,,,,,,,,,,,,,,,,,,,,,,,,,,,,,,,,,,,,,,38.66666667,0.0,,,,,-123.86295436791654,,12.63703759416667,-132.5908298272613,,,,,,,120.199257,,,279.4445,462.6165799999999,3178.943,3826.8531799213433,7348.213502921343,,,9800,2540,3641.55958,14274,903
30,0.0,2022-10-31,68.19999863,4.26597221,31.26502222,103.73099306,103.73099306,11.496,23.648206025833332,0.0,38.66666667,0.0,15.0,0.0,0.0,35.144206025833334,50.144206025833334,50.144206025833334,38.66666667,88.81087269583332,14.920120364166678,,,,,,,,,,,,,,,,,,,,,,,,,,,,,,,,,,,,,,,,,,,38.66666667,0.0,,,,,-108.94283400374987,,14.920120364166678,-117.67070946309462,,,,,,,120.199257,,,279.4445,462.6165799999999,3178.943,3841.7733002855102,7363.13362328551,,,9800,2540,3641.55958,14274,903
31,,2022-11-01,,,,,,,,,,,,,,,,,,,,68.8152806786111,4.199997099166667,34.43888888888889,0.0,11.0,2022.0,30.0,107.45416666666665,107.45416666666665,13.772653196666667,23.648206025833332,0.0,34.66666667,0.0,0.0,0.0,0.0,37.4208592225,37.4208592225,37.4208592225,34.66666667,72.0875258925,35.366640774166655,,,,,,,,,,,,,,,,,,,,,,,,,35.366640774166655,,,,,35.366640774166655,-86.44830149184472,,,,,120.199257,,,279.4445,462.6165799999999,3178.943,3877.139941059677,7398.500264059677,,,9800,2540,3641.55958,14274,903
32,,2022-12-01,,,,,,,,,,,,,,,,,,,,68.8152806786111,4.199997099166667,34.43888888888889,0.0,12.0,2022.0,31.0,107.45416666666665,107.45416666666665,0.0,23.922613636250002,59.30190779166667,31.0,0.0,0.0,5.0,0.0,23.922613636250002,23.922613636250002,83.22452142791667,31.0,119.22452142791667,-11.770354761250019,,,,,,,,,,,,,,,,,,,,,,,,,23.596286012916636,,,,,-11.770354761250019,-98.21865625309474,,,,,120.199257,,,279.4445,462.6165799999999,3178.943,3865.369586298427,7386.729909298427,,,9800,2540,3641.55958,14274,903
33,,2022-11-02,,,,,,,,,,,,,,,,,,,,68.8152806786111,4.199997099166667,34.43888888888889,0.0,,,,107.45416666666665,107.45416666666665,14.267780474166665,23.648206025833332,0.0,34.66666667,0.0,0.0,0.0,0.0,37.915986499999995,37.915986499999995,37.915986499999995,34.66666667,72.58265316999999,34.871513496666665,,,,,,,,,,,,,,,,,,,,,,,,,58.4677995095833,,,,,34.871513496666665,-63.34714275642807,,,,,120.199257,,,279.4445,462.6165799999999,3178.943,3900.2410997950938,7421.601422795094,,,9800,2540,3641.55958,14274,903
34,,2022-11-03,,,,,,,,,,,,,,,,,,,,68.8152806786111,4.199997099166667,34.43888888888889,0.0,,,,107.45416666666665,107.45416666666665,14.267780474166665,23.648206025833332,0.0,34.66666667,0.0,0.0,0.0,0.0,37.915986499999995,37.915986499999995,37.915986499999995,34.66666667,72.58265316999999,34.871513496666665,,,,,,,,,,,,,,,,,,,,,,,,,93.33931300624997,,,,,34.871513496666665,-28.475629259761405,,,,,120.199257,,,279.4445,462.6165799999999,3178.943,3935.1126132917607,7456.472936291761,,,9800,2540,3641.55958,14274,903
35,,2022-11-04,,,,,,,,,,,,,,,,,,,,68.8152806786111,4.199997099166667,34.43888888888889,0.0,,,,107.45416666666665,107.45416666666665,14.267780474166665,23.648206025833332,0.0,34.66666667,0.0,0.0,0.0,0.0,37.915986499999995,37.915986499999995,37.915986499999995,34.66666667,72.58265316999999,34.871513496666665,,,,,,,,,,,,,,,,,,,,,,,,,128.21082650291663,,,,,34.871513496666665,6.39588423690526,,,,,120.199257,,,279.4445,462.6165799999999,3178.943,3969.9841267884276,7491.3444497884275,,,9800,2540,3641.55958,14274,903
36,,2022-11-05,,,,,,,,,,,,,,,,,,,,68.8152806786111,4.199997099166667,34.43888888888889,0.0,,,,107.45416666666665,107.45416666666665,16.36419911333333,23.648206025833332,0.0,34.66666667,0.0,0.0,0.0,0.0,40.01240513916666,40.01240513916666,40.01240513916666,34.66666667,74.67907180916666,32.775094857499994,,,,,,,,,,,,,,,,,,,,,,,,,160.98592136041663,,,,,32.775094857499994,39.170979094405254,,,,,120.199257,,,279.4445,462.6165799999999,3178.943,4002.759221645928,7524.119544645928,,,9800,2540,3641.55958,14274,903
37,,2022-11-06,,,,,,,,,,,,,,,,,,,,68.8152806786111,4.199997099166667,34.43888888888889,0.0,,,,107.45416666666665,107.45416666666665,17.692279742500002,23.648206025833332,0.0,34.66666667,0.0,0.0,0.0,0.0,41.34048576833334,41.34048576833334,41.34048576833334,34.66666667,76.00715243833334,31.447014228333316,,,,,,,,,,,,,,,,,,,,,,,,,192.43293558874996,,,,,31.447014228333316,70.61799332273857,,,,,120.199257,,,279.4445,462.6165799999999,3178.943,4034.2062358742614,7555.566558874261,,,9800,2540,3641.55958,14274,903
38,,2022-11-07,,,,,,,,,,,,,,,,,,,,68.8152806786111,4.199997099166667,34.43888888888889,0.0,,,,107.45416666666665,107.45416666666665,17.25410134875,23.648206025833332,0.0,34.66666667,0.0,0.0,0.0,0.0,40.90230737458333,40.90230737458333,40.90230737458333,34.66666667,75.56897404458333,31.885192622083323,,,,,,,,,,,,,,,,,,,,,,,,,224.31812821083327,,,,,31.885192622083323,102.5031859448219,,,,,120.199257,,,279.4445,462.6165799999999,3178.943,4066.0914284963446,7587.4517514963445,,,9800,2540,3641.55958,14274,903
39,,2022-11-08,,,,,,,,,,,,,,,,,,,,68.8152806786111,4.199997099166667,34.43888888888889,0.0,,,,107.45416666666665,107.45416666666665,17.241809228333334,22.604172399583334,0.0,34.66666667,0.0,0.0,0.0,0.0,39.84598162791667,39.84598162791667,39.84598162791667,34.66666667,74.51264829791667,32.94151836874998,,,,,,,,,,,,,,,,,,,,,,,,,257.25964657958326,,,,,32.94151836874998,135.4447043135719,,,,,120.199257,,,279.4445,462.6165799999999,3178.943,4099.032946865094,7620.393269865094,,,9800,2540,3641.55958,14274,903
40,,2022-11-09,,,,,,,,,,,,,,,,,,,,68.8152806786111,4.199997099166667,34.43888888888889,0.0,,,,107.45416666666665,107.45416666666665,17.252004860416665,17.274781704166667,0.0,34.66666667,0.0,0.0,0.0,0.0,34.52678656458333,34.52678656458333,34.52678656458333,34.66666667,69.19345323458333,38.26071343208332,,,,,,,,,,,,,,,,,,,,,,,,,295.5203600116666,,,,,38.26071343208332,173.7054177456552,,,,,120.199257,,,279.4445,462.6165799999999,3178.943,4137.293660297178,7658.653983297178,,,9800,2540,3641.55958,14274,903
41,,2022-11-10,,,,,,,,,,,,,,,,,,,,68.8152806786111,4.199997099166667,34.43888888888889,0.0,,,,107.45416666666665,107.45416666666665,17.252004860416665,16.989955255416668,5.9438925000000005,34.66666667,0.0,0.0,0.0,0.0,34.241960115833336,34.241960115833336,40.18585261583334,34.66666667,74.85251928583334,32.60164738083331,,,,,,,,,,,,,,,,,,,,,,,,,328.1220073924999,,,,,32.60164738083331,206.3070651264885,,,,,120.199257,,,279.4445,462.6165799999999,3178.943,4169.895307678011,7691.255630678011,,,9800,2540,3641.55958,14274,903
42,,2022-11-11,,,,,,,,,,,,,,,,,,,,68.8152806786111,4.199997099166667,34.43888888888889,0.0,,,,107.45416666666665,107.45416666666665,17.252004860416665,16.975284643333335,53.082363394999994,34.66666667,0.0,0.0,0.0,0.0,34.22728950375,34.22728950375,87.30965289874999,34.66666667,121.97631956874999,-14.522152902083334,,,,,,,,,,,,,,,,,,,,,,,,,313.59985449041653,,,,,-14.522152902083334,191.78491222440516,,,,,120.199257,,,279.4445,462.6165799999999,3178.943,4155.373154775927,7676.733477775927,,,9800,2540,3641.55958,14274,903
43,,2022-11-12,,,,,,,,,,,,,,,,,,,,68.8152806786111,4.199997099166667,34.43888888888889,0.0,,,,107.45416666666665,107.45416666666665,17.587959700416665,16.975284643333335,53.000892907916665,34.66666667,0.0,0.0,0.0,0.0,34.56324434375,34.56324434375,87.56413725166666,34.66666667,122.23080392166666,-14.776637255000011,,,,,,,,,,,,,,,,,,,,,,,,,298.8232172354165,,,,,-14.776637255000011,177.00827496940514,,,,,120.199257,,,279.4445,462.6165799999999,3178.943,4140.596517520927,7661.956840520927,,,9800,2540,3641.55958,14274,903
44,,2022-11-13,,,,,,,,,,,,,,,,,,,,68.8152806786111,4.199997099166667,34.43888888888889,0.0,,,,107.45416666666665,107.45416666666665,16.814838541666667,16.975284643333335,53.257607030416665,34.66666667,0.0,0.0,0.0,0.0,33.790123185,33.790123185,87.04773021541666,34.66666667,121.71439688541666,-14.26023021875001,,,,,,,,,,,,,,,,,,,,,,,,,284.5629870166665,,,,,-14.26023021875001,162.74804475065514,,,,,120.199257,,,279.4445,462.6165799999999,3178.943,4126.336287302177,7647.696610302177,,,9800,2540,3641.55958,14274,903
45,,2022-11-14,,,,,,,,,,,,,,,,,,,,68.8152806786111,4.199997099166667,34.43888888888889,0.0,,,,107.45416666666665,107.45416666666665,12.847499999999998,16.975284643333335,53.103308695833334,34.66666667,0.0,0.0,0.0,0.0,29.822784643333335,29.822784643333335,82.92609333916667,34.66666667,117.59276000916667,-10.138593342500016,,,,,,,,,,,,,,,,,,,,,,,,,274.4243936741665,,,,,-10.138593342500016,152.6094514081551,,,,,120.199257,,,279.4445,462.6165799999999,3178.943,4116.197693959677,7637.558016959677,,,9800,2540,3641.55958,14274,903
46,,2022-11-15,,,,,,,,,,,,,,,,,,,,68.8152806786111,4.199997099166667,34.43888888888889,0.0,,,,107.45416666666665,107.45416666666665,12.847499999999998,17.268235556666667,51.30659024416667,34.66666667,0.0,0.0,0.0,0.0,30.115735556666664,30.115735556666664,81.42232580083333,34.66666667,116.08899247083333,-8.634825804166681,,,,,,,,,,,,,,,,,,,,,,,,,265.7895678699998,,,,,-8.634825804166681,143.97462560398844,,,,,120.199257,,,279.4445,462.6165799999999,3178.943,4107.56286815551,7628.92319115551,,,9800,2540,3641.55958,14274,903
47,,2022-11-16,,,,,,,,,,,,,,,,,,,,68.8152806786111,4.199997099166667,34.43888888888889,0.0,,,,107.45416666666665,107.45416666666665,12.847499999999998,17.371055424583332,49.33680139916667,34.66666667,0.0,0.0,0.0,0.0,30.21855542458333,30.21855542458333,79.55535682375,34.66666667,114.22202349375,-6.7678568270833495,,,,,,,,,,,,,,,,,,,,,,,,,259.0217110429165,,,,,-6.7678568270833495,137.2067687769051,,,,,120.199257,,,279.4445,462.6165799999999,3178.943,4100.795011328427,7622.155334328427,,,9800,2540,3641.55958,14274,903
48,,2022-11-17,,,,,,,,,,,,,,,,,,,,68.8152806786111,4.199997099166667,34.43888888888889,0.0,,,,107.45416666666665,107.45416666666665,12.963911458333333,17.3467468975,49.34288764875,34.66666667,0.0,0.0,0.0,0.0,30.310658355833333,30.310658355833333,79.65354600458333,34.66666667,114.32021267458333,-6.86604600791668,,,,,,,,,,,,,,,,,,,,,,,,,252.1556650349998,,,,,-6.86604600791668,130.34072276898843,,,,,120.199257,,,279.4445,462.6165799999999,3178.943,4093.9289653205105,7615.28928832051,,,9800,2540,3641.55958,14274,903
49,,2022-11-18,,,,,,,,,,,,,,,,,,,,68.8152806786111,4.199997099166667,34.43888888888889,0.0,,,,107.45416666666665,107.45416666666665,15.668437500000001,18.309718147916666,49.53414840083334,34.66666667,0.0,0.0,0.0,0.0,33.978155647916665,33.978155647916665,83.51230404875,34.66666667,118.17897071875,-10.724804052083343,,,,,,,,,,,,,,,,,,,,,,,,,241.43086098291644,,,,,-10.724804052083343,119.61591871690509,,,,,120.199257,,,279.4445,462.6165799999999,3178.943,4083.204161268427,7604.564484268427,,,9800,2540,3641.55958,14274,903
50,,2022-11-19,,,,,,,,,,,,,,,,,,,,68.8152806786111,4.199997099166667,34.43888888888889,0.0,,,,107.45416666666665,107.45416666666665,13.687395833333333,18.110629359166666,49.618405438749996,34.66666667,0.0,0.0,0.0,0.0,31.7980251925,31.7980251925,81.41643063125,34.66666667,116.08309730124999,-8.628930634583341,,,,,,,,,,,,,,,,,,,,,,,,,232.8019303483331,,,,,-8.628930634583341,110.98698808232174,,,,,120.199257,,,279.4445,462.6165799999999,3178.943,4074.5752306338436,7595.9355536338435,,,9800,2540,3641.55958,14274,903
51,,2022-11-20,,,,,,,,,,,,,,,,,,,,68.8152806786111,4.199997099166667,34.43888888888889,0.0,,,,107.45416666666665,107.45416666666665,0.0,17.041937452916667,49.63644447958333,34.66666667,0.0,0.0,0.0,0.0,17.041937452916667,17.041937452916667,66.6783819325,34.66666667,101.3450486025,6.109118064166651,,,,,,,,,,,,,,,,,,,,,,,,,238.91104841249972,,,,,6.109118064166651,117.0961061464884,,,,,120.199257,,,279.4445,462.6165799999999,3178.943,4080.6843486980106,7602.0446716980105,,,9800,2540,3641.55958,14274,903
52,,2022-11-21,,,,,,,,,,,,,,,,,,,,68.8152806786111,4.199997099166667,34.43888888888889,0.0,,,,107.45416666666665,107.45416666666665,0.0,16.966916666666666,49.69672968625,34.66666667,0.0,0.0,0.0,0.0,16.966916666666666,16.966916666666666,66.66364635291667,34.66666667,101.33031302291667,6.123853643749982,,,,,,,,,,,,,,,,,,,,,,,,,245.0349020562497,,,,,6.123853643749982,123.21995979023838,,,,,120.199257,,,279.4445,462.6165799999999,3178.943,4086.808202341761,7608.168525341761,,,9800,2540,3641.55958,14274,903
53,,2022-11-22,,,,,,,,,,,,,,,,,,,,68.8152806786111,4.199997099166667,34.43888888888889,0.0,,,,107.45416666666665,107.45416666666665,0.0,17.517500000000002,49.567885912916665,34.66666667,0.0,0.0,0.0,0.0,17.517500000000002,17.517500000000002,67.08538591291666,34.66666667,101.75205258291666,5.70211408374999,,,,,,,,,,,,,,,,,,,,,,,,,250.7370161399997,,,,,5.70211408374999,128.92207387398838,,,,,120.199257,,,279.4445,462.6165799999999,3178.943,4092.5103164255106,7613.8706394255105,,,9800,2540,3641.55958,14274,903
54,,2022-11-23,,,,,,,,,,,,,,,,,,,,68.8152806786111,4.199997099166667,34.43888888888889,0.0,,,,107.45416666666665,107.45416666666665,0.0,17.509125,49.686512029999996,34.66666667,0.0,0.0,0.0,0.0,17.509125,17.509125,67.19563703,34.66666667,101.8623037,5.591862966666653,,,,,,,,,,,,,,,,,,,,,,,,,256.32887910666636,,,,,5.591862966666653,134.51393684065505,,,,,120.199257,,,279.4445,462.6165799999999,3178.943,4098.102179392177,7619.462502392177,,,9800,2540,3641.55958,14274,903
55,,2022-11-24,,,,,,,,,,,,,,,,,,,,68.8152806786111,4.199997099166667,34.43888888888889,0.0,,,,107.45416666666665,107.45416666666665,0.0,17.487125,49.70166259291667,34.66666667,0.0,0.0,0.0,0.0,17.487125,17.487125,67.18878759291667,34.66666667,101.85545426291667,5.598712403749985,,,,,,,,,,,,,,,,,,,,,,,,,261.92759151041633,,,,,5.598712403749985,140.11264924440502,,,,,120.199257,,,279.4445,462.6165799999999,3178.943,4103.700891795927,7625.061214795927,,,9800,2540,3641.55958,14274,903
56,,2022-11-25,,,,,,,,,,,,,,,,,,,,68.8152806786111,4.199997099166667,34.43888888888889,0.0,,,,107.45416666666665,107.45416666666665,0.0,17.340582718333334,49.63185680458333,34.66666667,0.0,0.0,0.0,0.0,17.340582718333334,17.340582718333334,66.97243952291666,34.66666667,101.63910619291666,5.815060473749995,,,,,,,,,,,,,,,,,,,,,,,,,267.74265198416634,,,,,5.815060473749995,145.92770971815503,,,,,120.199257,,,279.4445,462.6165799999999,3178.943,4109.515952269678,7630.8762752696775,,,9800,2540,3641.55958,14274,903
57,,2022-11-26,,,,,,,,,,,,,,,,,,,,68.8152806786111,4.199997099166667,34.43888888888889,0.0,,,,107.45416666666665,107.45416666666665,0.0,22.186432906666667,56.80230848125,34.66666667,0.0,0.0,0.0,0.0,22.186432906666667,22.186432906666667,78.98874138791666,34.66666667,113.65540805791666,-6.201241391250008,,,,,,,,,,,,,,,,,,,,,,,,,261.54141059291635,,,,,-6.201241391250008,139.72646832690504,,,,,120.199257,,,279.4445,462.6165799999999,3178.943,4103.314710878428,7624.675033878428,,,9800,2540,3641.55958,14274,903
58,,2022-11-27,,,,,,,,,,,,,,,,,,,,68.8152806786111,4.199997099166667,34.43888888888889,0.0,,,,107.45416666666665,107.45416666666665,0.0,23.922613636250002,59.28223080958333,34.66666667,0.0,0.0,0.0,0.0,23.922613636250002,23.922613636250002,83.20484444583333,34.66666667,117.87151111583333,-10.417344449166677,,,,,,,,,,,,,,,,,,,,,,,,,251.12406614374967,,,,,-10.417344449166677,129.30912387773836,,,,,120.199257,,,279.4445,462.6165799999999,3178.943,4092.8973664292607,7614.257689429261,,,9800,2540,3641.55958,14274,903
59,,2022-11-28,,,,,,,,,,,,,,,,,,,,68.8152806786111,4.199997099166667,34.43888888888889,0.0,,,,107.45416666666665,107.45416666666665,0.0,23.922613636250002,59.24297563333334,34.66666667,0.0,0.0,0.0,0.0,23.922613636250002,23.922613636250002,83.16558926958334,34.66666667,117.83225593958333,-10.378089272916682,,,,,,,,,,,,,,,,,,,,,,,,,240.74597687083298,,,,,-10.378089272916682,118.93103460482168,,,,,120.199257,,,279.4445,462.6165799999999,3178.943,4082.5192771563443,7603.879600156344,,,9800,2540,3641.55958,14274,903
60,,2022-11-29,,,,,,,,,,,,,,,,,,,,68.8152806786111,4.199997099166667,34.43888888888889,0.0,,,,107.45416666666665,107.45416666666665,0.0,23.922613636250002,59.30190779166667,34.66666667,0.0,0.0,0.0,0.0,23.922613636250002,23.922613636250002,83.22452142791667,34.66666667,117.89118809791667,-10.437021431250017,,,,,,,,,,,,,,,,,,,,,,,,,230.30895543958297,,,,,-10.437021431250017,108.49401317357166,,,,,120.199257,,,279.4445,462.6165799999999,3178.943,4072.082255725094,7593.442578725094,,,9800,2540,3641.55958,14274,903
61,,2022-11-30,,,,,,,,,,,,,,,,,,,,68.8152806786111,4.199997099166667,34.43888888888889,0.0,,,,107.45416666666665,107.45416666666665,0.0,23.922613636250002,59.30190779166667,34.66666667,0.0,0.0,0.0,0.0,23.922613636250002,23.922613636250002,83.22452142791667,34.66666667,117.89118809791667,-10.437021431250017,,,,,,,,,,,,,,,,,,,,,,,,,219.87193400833297,,,,,-10.437021431250017,98.05699174232164,,,,,120.199257,,,279.4445,462.6165799999999,3178.943,4061.6452342938437,7583.005557293844,,,9800,2540,3641.55958,14274,903
62,,2022-12-02,,,,,,,,,,,,,,,,,,,,68.82014876129033,4.200012529032258,33.65860215053764,0.0,,,,106.67876344086024,106.67876344086024,0.0,23.922613636250002,58.98577089083333,31.0,0.0,0.0,3.75,0.0,23.922613636250002,23.922613636250002,82.90838452708333,31.0,117.65838452708333,-10.97962108622309,,,,,,,,,,,,,,,,,,,,,,,,,208.89231292210988,,,,,-10.97962108622309,87.07737065609855,,,,,120.199257,,,279.4445,462.6165799999999,3178.943,4050.6656132076205,7572.02593620762,,,9800,2540,3641.55958,14274,903
63,,2022-12-03,,,,,,,,,,,,,,,,,,,,68.82014876129033,4.200012529032258,33.65860215053764,0.0,,,,106.67876344086024,106.67876344086024,0.0,23.922613636250002,59.45416375208333,31.0,0.0,0.0,10.625,0.0,23.922613636250002,23.922613636250002,83.37677738833334,31.0,125.00177738833334,-18.3230139474731,,,,,,,,,,,,,,,,,,,,,,,,,190.56929897463678,,,,,-18.3230139474731,68.75435670862545,,,,,120.199257,,,279.4445,462.6165799999999,3178.943,4032.342599260147,7553.702922260147,,,9800,2540,3641.55958,14274,903
64,,2022-12-04,,,,,,,,,,,,,,,,,,,,68.82014876129033,4.200012529032258,33.65860215053764,0.0,,,,106.67876344086024,106.67876344086024,0.0,23.922613636250002,64.46402623541667,31.0,0.0,0.0,4.375,0.0,23.922613636250002,23.922613636250002,88.38663987166667,31.0,123.76163987166667,-17.082876430806436,,,,,,,,,,,,,,,,,,,,,,,,,173.48642254383034,,,,,-17.082876430806436,51.671480277819015,,,,,120.199257,,,279.4445,462.6165799999999,3178.943,4015.2597228293407,7536.620045829341,,,9800,2540,3641.55958,14274,903
65,,2022-12-05,,,,,,,,,,,,,,,,,,,,68.82014876129033,4.200012529032258,33.65860215053764,0.0,,,,106.67876344086024,106.67876344086024,0.0,23.922613636250002,60.913760930416665,31.0,0.0,0.0,4.375,0.0,23.922613636250002,23.922613636250002,84.83637456666666,31.0,120.21137456666666,-13.532611125806426,,,,,,,,,,,,,,,,,,,,,,,,,159.95381141802392,,,,,-13.532611125806426,38.13886915201259,,,,,120.199257,,,279.4445,462.6165799999999,3178.943,4001.7271117035343,7523.087434703534,,,9800,2540,3641.55958,14274,903
66,,2022-12-06,,,,,,,,,,,,,,,,,,,,68.82014876129033,4.200012529032258,33.65860215053764,0.0,,,,106.67876344086024,106.67876344086024,0.0,23.922613636250002,64.49145876083334,31.0,0.0,0.0,7.5,0.0,23.922613636250002,23.922613636250002,88.41407239708334,31.0,126.91407239708334,-20.235308956223108,,,,,,,,,,,,,,,,,,,,,,,,,139.71850246180082,,,,,-20.235308956223108,17.90356019578948,,,,,120.199257,,,279.4445,462.6165799999999,3178.943,3981.4918027473113,7502.852125747311,,,9800,2540,3641.55958,14274,903
67,,2022-12-07,,,,,,,,,,,,,,,,,,,,68.82014876129033,4.200012529032258,33.65860215053764,0.0,,,,106.67876344086024,106.67876344086024,0.0,23.922613636250002,64.59834542125,31.0,0.0,0.0,7.5,0.0,23.922613636250002,23.922613636250002,88.52095905750001,31.0,127.02095905750001,-20.34219561663977,,,,,,,,,,,,,,,,,,,,,,,,,119.37630684516105,,,,,-20.34219561663977,-2.4386354208502894,,,,,120.199257,,,279.4445,462.6165799999999,3178.943,3961.149607130672,7482.509930130672,,,9800,2540,3641.55958,14274,903
68,,2022-12-08,,,,,,,,,,,,,,,,,,,,68.82014876129033,4.200012529032258,33.65860215053764,0.0,,,,106.67876344086024,106.67876344086024,0.0,23.985309375,64.7364964225,31.0,0.0,0.0,7.5,0.0,23.985309375,23.985309375,88.7218057975,31.0,127.2218057975,-20.54304235663976,,,,,,,,,,,,,,,,,,,,,,,,,98.8332644885213,,,,,-20.54304235663976,-22.98167777749005,,,,,120.199257,,,279.4445,462.6165799999999,3178.943,3940.6065647740324,7461.966887774032,,,9800,2540,3641.55958,14274,903
69,,2022-12-09,,,,,,,,,,,,,,,,,,,,68.82014876129033,4.200012529032258,33.65860215053764,0.0,,,,106.67876344086024,106.67876344086024,0.0,24.1707,64.93165496333333,31.0,0.0,0.0,35.0,0.0,24.1707,24.1707,89.10235496333333,31.0,155.1023549633333,-48.423591522473075,,,,,,,,,,,,,,,,,,,,,,,,,50.40967296604822,,,,,-48.423591522473075,-71.40526929996312,,,,,120.199257,,,279.4445,462.6165799999999,3178.943,3892.18297325156,7413.54329625156,,,9800,2540,3641.55958,14274,903
70,,2022-12-10,,,,,,,,,,,,,,,,,,,,68.82014876129033,4.200012529032258,33.65860215053764,0.0,,,,106.67876344086024,106.67876344086024,0.0,21.1124,64.92446912833334,31.0,0.0,0.0,35.0,0.0,21.1124,21.1124,86.03686912833334,31.0,152.03686912833334,-45.3581056874731,,,,,,,,,,,,,,,,,,,,,,,,,5.051567278575121,,,,,-45.3581056874731,-116.76337498743622,,,,,120.199257,,,279.4445,462.6165799999999,3178.943,3846.824867564087,7368.185190564087,,,9800,2540,3641.55958,14274,903
71,,2022-12-11,,,,,,,,,,,,,,,,,,,,68.82014876129033,4.200012529032258,33.65860215053764,0.0,,,,106.67876344086024,106.67876344086024,0.0,20.376,64.97907170583333,31.0,0.0,0.0,35.0,0.0,20.376,20.376,85.35507170583334,31.0,151.35507170583332,-44.67630826497309,,,,,,,,,,,,,,,,,,,,,,,,,-39.62474098639797,,,,,-44.67630826497309,-161.4396832524093,,,,,120.199257,,,279.4445,462.6165799999999,3178.943,3802.148559299114,7323.508882299114,,,9800,2540,3641.55958,14274,903
72,,2022-12-12,,,,,,,,,,,,,,,,,,,,68.82014876129033,4.200012529032258,33.65860215053764,0.0,,,,106.67876344086024,106.67876344086024,0.0,9.65695,64.92490276791666,31.0,0.0,0.0,35.0,0.0,9.65695,9.65695,74.58185276791666,31.0,140.58185276791664,-33.903089327056406,,,,,,,,,,,,,,,,,,,,,,,,,-73.52783031345437,,,,,-33.903089327056406,-195.3427725794657,,,,,120.199257,,,279.4445,462.6165799999999,3178.943,3768.2454699720574,7289.605792972057,,,9800,2540,3641.55958,14274,903
73,,2022-12-13,,,,,,,,,,,,,,,,,,,,68.82014876129033,4.200012529032258,33.65860215053764,0.0,,,,106.67876344086024,106.67876344086024,1.8722916666666667,0.0,64.88245157125,31.0,0.0,0.0,35.0,0.0,1.8722916666666667,1.8722916666666667,66.75474323791667,31.0,132.75474323791667,-26.075979797056434,,,,,,,,,,,,,,,,,,,,,,,,,-99.6038101105108,,,,,-26.075979797056434,-221.41875237652215,,,,,120.199257,,,279.4445,462.6165799999999,3178.943,3742.1694901750006,7263.5298131750005,,,9800,2540,3641.55958,14274,903
74,,2022-12-14,,,,,,,,,,,,,,,,,,,,68.82014876129033,4.200012529032258,33.65860215053764,0.0,,,,106.67876344086024,106.67876344086024,15.696770833333334,0.0,64.96980816333333,31.0,0.0,0.0,35.0,0.0,15.696770833333334,15.696770833333334,80.66657899666666,31.0,146.66657899666666,-39.98781555580642,,,,,,,,,,,,,,,,,,,,,,,,,-139.5916256663172,,,,,-39.98781555580642,-261.4065679323286,,,,,120.199257,,,279.4445,462.6165799999999,3178.943,3702.1816746191944,7223.541997619194,,,9800,2540,3641.55958,14274,903
75,,2022-12-15,,,,,,,,,,,,,,,,,,,,68.82014876129033,4.200012529032258,33.65860215053764,0.0,,,,106.67876344086024,106.67876344086024,15.747113163333333,0.0,65.05078070166667,31.0,0.0,0.0,36.25,0.0,15.747113163333333,15.747113163333333,80.797893865,31.0,148.047893865,-41.369130424139755,,,,,,,,,,,,,,,,,,,,,,,,,-180.96075609045698,,,,,-41.369130424139755,-302.77569835646835,,,,,120.199257,,,279.4445,462.6165799999999,3178.943,3660.812544195054,7182.172867195054,,,9800,2540,3641.55958,14274,903
76,,2022-12-16,,,,,,,,,,,,,,,,,,,,68.82014876129033,4.200012529032258,33.65860215053764,0.0,,,,106.67876344086024,106.67876344086024,17.7518591,0.0,64.88372903625,31.0,0.0,0.0,34.58333333,0.0,17.7518591,17.7518591,82.63558813625,31.0,148.21892146625,-41.54015802538977,,,,,,,,,,,,,,,,,,,,,,,,,-222.50091411584674,,,,,-41.54015802538977,-344.3158563818581,,,,,120.199257,,,279.4445,462.6165799999999,3178.943,3619.272386169664,7140.632709169664,,,9800,2540,3641.55958,14274,903
77,,2022-12-17,,,,,,,,,,,,,,,,,,,,68.82014876129033,4.200012529032258,33.65860215053764,0.0,,,,106.67876344086024,106.67876344086024,17.733797720000002,0.0,64.32990290541666,31.0,0.0,0.0,34.58333333,0.0,17.733797720000002,17.733797720000002,82.06370062541666,31.0,147.64703395541665,-40.96827051455641,,,,,,,,,,,,,,,,,,,,,,,,,-263.46918463040316,,,,,-40.96827051455641,-385.28412689641453,,,,,120.199257,,,279.4445,462.6165799999999,3178.943,3578.304115655108,7099.664438655108,,,9800,2540,3641.55958,14274,903
78,,2022-12-18,,,,,,,,,,,,,,,,,,,,68.82014876129033,4.200012529032258,33.65860215053764,0.0,,,,106.67876344086024,106.67876344086024,17.374231881666667,0.0,63.52712751125,31.0,0.0,0.0,34.58333333,0.0,17.374231881666667,17.374231881666667,80.90135939291667,31.0,146.4846927229167,-39.805929282056454,,,,,,,,,,,,,,,,,,,,,,,,,-303.27511391245963,,,,,-39.805929282056454,-425.090056178471,,,,,120.199257,,,279.4445,462.6165799999999,3178.943,3538.498186373052,7059.858509373052,,,9800,2540,3641.55958,14274,903
79,,2022-12-19,,,,,,,,,,,,,,,,,,,,68.82014876129033,4.200012529032258,33.65860215053764,0.0,,,,106.67876344086024,106.67876344086024,16.014427302083334,0.0,63.532959981666664,31.0,0.0,0.0,34.58333333,0.0,16.014427302083334,16.014427302083334,79.54738728375,31.0,145.13072061375,-38.45195717288975,,,,,,,,,,,,,,,,,,,,,,,,,-341.7270710853494,,,,,-38.45195717288975,-463.54201335136077,,,,,120.199257,,,279.4445,462.6165799999999,3178.943,3500.046229200162,7021.406552200162,,,9800,2540,3641.55958,14274,903
80,,2022-12-20,,,,,,,,,,,,,,,,,,,,68.82014876129033,4.200012529032258,33.65860215053764,0.0,,,,106.67876344086024,106.67876344086024,11.616,0.0,69.52405921708333,31.0,0.0,0.0,34.58333333,0.0,11.616,11.616,81.14005921708333,31.0,146.72339254708334,-40.0446291062231,,,,,,,,,,,,,,,,,,,,,,,,,-381.7717001915725,,,,,-40.0446291062231,-503.5866424575839,,,,,120.199257,,,279.4445,462.6165799999999,3178.943,3460.0016000939386,6981.3619230939385,,,9800,2540,3641.55958,14274,903
81,,2022-12-21,,,,,,,,,,,,,,,,,,,,68.82014876129033,4.200012529032258,33.65860215053764,0.0,,,,106.67876344086024,106.67876344086024,11.616,0.0,69.56124987708334,31.0,0.0,0.0,19.58333333,0.0,11.616,11.616,81.17724987708334,31.0,131.76058320708333,-25.08181976622309,,,,,,,,,,,,,,,,,,,,,,,,,-406.8535199577956,,,,,-25.08181976622309,-528.668462223807,,,,,120.199257,,,279.4445,462.6165799999999,3178.943,3434.9197803277157,6956.280103327716,,,9800,2540,3641.55958,14274,903
82,,2022-12-22,,,,,,,,,,,,,,,,,,,,68.82014876129033,4.200012529032258,33.65860215053764,0.0,,,,106.67876344086024,106.67876344086024,11.616,0.0,60.5583637575,31.0,0.0,0.0,24.58333333,0.0,11.616,11.616,72.1743637575,31.0,127.7576970875,-21.07893364663977,,,,,,,,,,,,,,,,,,,,,,,,,-427.93245360443535,,,,,-21.07893364663977,-549.7473958704468,,,,,120.199257,,,279.4445,462.6165799999999,3178.943,3413.840846681076,6935.201169681076,,,9800,2540,3641.55958,14274,903
83,,2022-12-23,,,,,,,,,,,,,,,,,,,,68.82014876129033,4.200012529032258,33.65860215053764,0.0,,,,106.67876344086024,106.67876344086024,11.616,0.0,15.65215875,31.0,0.0,0.0,20.0,0.0,11.616,11.616,27.268158749999998,31.0,78.26815875,28.41060469086024,,,,,,,,,,,,,,,,,,,,,,,,,-399.5218489135751,,,,,28.41060469086024,-521.3367911795865,,,,,120.199257,,,279.4445,462.6165799999999,3178.943,3442.251451371936,6963.611774371936,,,9800,2540,3641.55958,14274,903
84,,2022-12-24,,,,,,,,,,,,,,,,,,,,68.82014876129033,4.200012529032258,33.65860215053764,0.0,,,,106.67876344086024,106.67876344086024,11.616,0.0,0.0,31.0,0.0,0.0,18.33333333,0.0,11.616,11.616,11.616,31.0,60.94933333,45.729430110860235,,,,,,,,,,,,,,,,,,,,,,,,,-353.7924188027149,,,,,45.729430110860235,-475.6073610687263,,,,,120.199257,,,279.4445,462.6165799999999,3178.943,3487.9808814827966,7009.3412044827965,,,9800,2540,3641.55958,14274,903
85,,2022-12-25,,,,,,,,,,,,,,,,,,,,68.82014876129033,4.200012529032258,33.65860215053764,0.0,,,,106.67876344086024,106.67876344086024,11.616,0.0,0.0,31.0,0.0,0.0,22.70833333,0.0,11.616,11.616,11.616,31.0,65.32433333,41.354430110860235,,,,,,,,,,,,,,,,,,,,,,,,,-312.4379886918547,,,,,41.354430110860235,-434.25293095786606,,,,,120.199257,,,279.4445,462.6165799999999,3178.943,3529.335311593657,7050.695634593657,,,9800,2540,3641.55958,14274,903
86,,2022-12-26,,,,,,,,,,,,,,,,,,,,68.82014876129033,4.200012529032258,33.65860215053764,0.0,,,,106.67876344086024,106.67876344086024,12.085916666666668,0.0,0.0,31.0,0.0,0.0,24.58333333,0.0,12.085916666666668,12.085916666666668,12.085916666666668,31.0,67.66924999666666,39.00951344419357,,,,,,,,,,,,,,,,,,,,,,,,,-273.42847524766114,,,,,39.00951344419357,-395.2434175136725,,,,,120.199257,,,279.4445,462.6165799999999,3178.943,3568.3448250378506,7089.70514803785,,,9800,2540,3641.55958,14274,903
87,,2022-12-27,,,,,,,,,,,,,,,,,,,,68.82014876129033,4.200012529032258,33.65860215053764,0.0,,,,106.67876344086024,106.67876344086024,11.616,13.661700000000002,0.0,31.0,0.0,0.0,24.58333333,0.0,25.277700000000003,25.277700000000003,25.277700000000003,31.0,80.86103333,25.81773011086024,,,,,,,,,,,,,,,,,,,,,,,,,-247.61074513680092,,,,,25.81773011086024,-369.4256874028123,,,,,120.199257,,,279.4445,462.6165799999999,3178.943,3594.1625551487105,7115.52287814871,,,9800,2540,3641.55958,14274,903
88,,2022-12-28,,,,,,,,,,,,,,,,,,,,68.82014876129033,4.200012529032258,33.65860215053764,0.0,,,,106.67876344086024,106.67876344086024,14.389061904583334,24.172641130416665,0.0,31.0,0.0,0.0,24.58333333,0.0,38.561703035,38.561703035,38.561703035,31.0,94.145036365,12.533727075860241,,,,,,,,,,,,,,,,,,,,,,,,,-235.07701806094067,,,,,12.533727075860241,-356.891960326952,,,,,120.199257,,,279.4445,462.6165799999999,3178.943,3606.6962822245705,7128.05660522457,,,9800,2540,3641.55958,14274,903
89,,2022-12-29,,,,,,,,,,,,,,,,,,,,68.82014876129033,4.200012529032258,33.65860215053764,0.0,,,,106.67876344086024,106.67876344086024,17.687894152083334,24.415829769166667,47.476079544583335,31.0,0.0,0.0,24.58333333,0.0,42.10372392125,42.10372392125,89.57980346583334,31.0,145.16313679583334,-38.4843733549731,,,,,,,,,,,,,,,,,,,,,,,,,-273.56139141591376,,,,,-38.4843733549731,-395.37633368192513,,,,,120.199257,,,279.4445,462.6165799999999,3178.943,3568.211908869597,7089.572231869597,,,9800,2540,3641.55958,14274,903
90,,2022-12-30,,,,,,,,,,,,,,,,,,,,68.82014876129033,4.200012529032258,33.65860215053764,0.0,,,,106.67876344086024,106.67876344086024,17.255830245833334,24.415829769166667,69.23020821625,31.0,0.0,0.0,24.58333333,0.0,41.671660015,41.671660015,110.90186823125,31.0,166.48520156125,-59.80643812038976,,,,,,,,,,,,,,,,,,,,,,,,,-333.36782953630353,,,,,-59.80643812038976,-455.1827718023149,,,,,120.199257,,,279.4445,462.6165799999999,3178.943,3508.405470749208,7029.765793749208,,,9800,2540,3641.55958,14274,903
91,,2022-12-31,,,,,,,,,,,,,,,,,,,,68.82014876129033,4.200012529032258,33.65860215053764,0.0,,,,106.67876344086024,106.67876344086024,17.243847030416667,24.398874331666665,66.37292811416667,31.0,0.0,0.0,24.58333333,0.0,41.642721362083336,41.642721362083336,108.01564947625,31.0,163.59898280625,-56.92021936538977,,,,,,,,,,,,,,,,,,,,,,,,,-390.2880489016933,,,,,-56.92021936538977,-512.1029911677047,,,,,120.199257,,,279.4445,462.6165799999999,3178.943,3451.4852513838177,6972.845574383818,,,9800,2540,3641.55958,14274,903
92,,2022-09-01,,,,,,,,,,,,,,,,,,,,,,,,,,,,,,,,,,,,,,,,,,,,,,,,,,,,,,,,,,,,,,,,,,,,,,,,,,0.0,0.0,2022-09-01 00:00:00+00:00,972.6039,114.018021,957.8343,264.9567,108.773659,262.7958,245.82547,2418.18658,2704.01617,11495.98383,19.042367394366195,9800,2540,508.62127,14274,903
93,,2022-09-02,,,,,,,,,,,,,,,,,,,,,,,,,,,,,,,,,,,,,,,,,,,,,,,,,,,,,,,,,,,,,,,,,,,,,,,,,,1.0,1.0,2022-09-02 00:00:00+00:00,844.453247,114.650917,1643.74072,269.4713,109.735237,265.035583,249.334335,2982.051421,3272.035185,10927.964815,23.042501302816905,9800,2540,514.369918,14274,903
94,,2022-09-03,,,,,,,,,,,,,,,,,,,,,,,,,,,,,,,,,,,,,,,,,,,,,,,,,,,,,,,,,,,,,,,,,,,,,,,,,,2.0,2.0,2022-09-03 00:00:00+00:00,668.514038,113.720978,1893.48926,270.7731,109.211,265.2205,249.839371,3055.708376,3347.836269,10852.163731,23.576311753521125,9800,2540,515.059871,14274,903
95,,2022-09-04,,,,,,,,,,,,,,,,,,,,,,,,,,,,,,,,,,,,,,,,,,,,,,,,,,,,,,,,,,,,,,,,,,,,,,,,,,3.0,3.0,2022-09-04 00:00:00+00:00,601.3994,113.009857,1539.659,273.6535,109.04306,263.8699,248.723236,2636.764817,2927.305036,11272.694964,20.614824197183097,9800,2540,512.593136,14274,903
96,,2022-09-05,,,,,,,,,,,,,,,,,,,,,,,,,,,,,,,,,,,,,,,,,,,,,,,,,,,,,,,,,,,,,,,,,,,,,,,,,,4.0,4.0,2022-09-05 00:00:00+00:00,637.1517,115.317169,1022.82361,279.773254,110.188667,262.431824,246.623734,2165.2544000000003,2448.804122,11751.195878,17.245099450704224,9800,2540,509.055558,14274,903
97,,2022-09-06,,,,,,,,,,,,,,,,,,,,,,,,,,,,,,,,,,,,,,,,,,,,,,,,,,,,,,,,,,,,,,,,,,,,,,,,,,5.0,5.0,2022-09-06 00:00:00+00:00,697.7394,117.197624,1185.51624,283.507477,110.688065,263.425323,247.485016,2394.648806,2677.673456,11522.326544,18.856855323943662,9800,2540,510.910339,14274,903
98,,2022-09-07,,,,,,,,,,,,,,,,,,,,,,,,,,,,,,,,,,,,,,,,,,,,,,,,,,,,,,,,,,,,,,,,,,,,,,,,,,6.0,6.0,2022-09-07 00:00:00+00:00,662.3323,117.117622,1459.17053,285.119629,111.096252,263.343,247.975479,2634.836333,2917.940938,11282.059062,20.548879845070424,9800,2540,511.318479,14274,903
99,,2022-09-08,,,,,,,,,,,,,,,,,,,,,,,,,,,,,,,,,,,,,,,,,,,,,,,,,,,,,,,,,,,,,,,,,,,,,,,,,,7.0,7.0,2022-09-08 00:00:00+00:00,669.9011,119.276871,1866.95239,288.402069,273.446625,263.501068,240.0976,3217.979055,3328.8542270000003,10871.145773,23.442635401408456,9800,2540,503.598668,14274,903
100,,2022-09-09,,,,,,,,,,,,,,,,,,,,,,,,,,,,,,,,,,,,,,,,,,,,,,,,,,,,,,,,,,,,,,,,,,,,,,,,,,8.0,8.0,2022-09-09 00:00:00+00:00,908.9136,119.693726,1871.1991,290.8602,275.792877,723.3638,241.5215,3466.459503,4035.8582,10164.1418,28.42153661971831,9800,2540,964.8852999999999,14274,903
101,,2022-09-10,,,,,,,,,,,,,,,,,,,,,,,,,,,,,,,,,,,,,,,,,,,,,,,,,,,,,,,,,,,,,,,,,,,,,,,,,,9.0,9.0,2022-09-10 00:00:00+00:00,858.55896,119.01152,2286.27466,556.6744,273.939362,1201.89819,246.1251,4094.458902,5149.53131,9050.46869,36.264305,9800,2540,1448.02329,14274,903
102,,2022-09-11,,,,,,,,,,,,,,,,,,,,,,,,,,,,,,,,,,,,,,,,,,,,,,,,,,,,,,,,,,,,,,,,,,,,,,,,,,10.0,10.0,2022-09-11 00:00:00+00:00,775.9094,117.344604,2196.263,785.8931,273.95932,1496.36267,425.255829,4149.369424,5679.683998999999,8520.316001000001,39.99777464084506,9800,2540,1921.618499,14274,903
103,,2022-09-12,,,,,,,,,,,,,,,,,,,,,,,,,,,,,,,,,,,,,,,,,,,,,,,,,,,,,,,,,,,,,,,,,,,,,,,,,,11.0,11.0,2022-09-12 00:00:00+00:00,675.8932,115.781784,2011.39038,790.872437,274.3097,1495.823,1153.10461,3868.247501,6127.083627000001,8072.916372999999,43.14847624647888,9800,2540,2648.92761,14274,903
104,,2022-09-13,,,,,,,,,,,,,,,,,,,,,,,,,,,,,,,,,,,,,,,,,,,,,,,,,,,,,,,,,,,,,,,,,,,,,,,,,,12.0,12.0,2022-09-13 00:00:00+00:00,755.2017,116.958618,2108.55542,797.4257,274.887451,1492.5708,1871.59106,4053.028889,7025.344679999999,7174.655320000001,49.474258309859145,9800,2540,3364.16186,14274,903
105,,2022-09-14,,,,,,,,,,,,,,,,,,,,,,,,,,,,,,,,,,,,,,,,,,,,,,,,,,,,,,,,,,,,,,,,,,,,,,,,,,13.0,13.0,2022-09-14 00:00:00+00:00,511.000061,116.890808,2677.40918,800.7238,275.954529,1491.62817,2614.45313,4381.978378,8095.214341,6104.785659,57.00855169718309,9800,2540,4106.0813,14274,903
106,,2022-09-15,,,,,,,,,,,,,,,,,,,,,,,,,,,,,,,,,,,,,,,,,,,,,,,,,,,,,,,,,,,,,,,,,,,,,,,,,,14.0,14.0,2022-09-15 00:00:00+00:00,482.985474,117.303818,2499.5415,1442.04968,275.385681,1586.87634,3220.66,4817.266153,9232.112994,4967.887006000001,65.01488023943661,9800,2540,4807.53634,14274,903
107,,2022-09-16,,,,,,,,,,,,,,,,,,,,,,,,,,,,,,,,,,,,,,,,,,,,,,,,,,,,,,,,,,,,,,,,,,,,,,,,,,15.0,15.0,2022-09-16 00:00:00+00:00,467.620361,116.508156,2495.778,638.4985,274.69516,2295.47534,3218.32422,3993.100177,9115.696421,5084.303578999999,64.19504521830986,9800,2540,5513.7995599999995,14274,903
108,,2022-09-17,,,,,,,,,,,,,,,,,,,,,,,,,,,,,,,,,,,,,,,,,,,,,,,,,,,,,,,,,,,,,,,,,,,,,,,,,,16.0,16.0,2022-09-17 00:00:00+00:00,468.1746,115.555016,2495.88159,432.855133,273.4146,3011.56616,3217.42334,3785.880939,9625.900823,4574.099177,67.78803396478874,9800,2540,6228.9895,14274,903
109,,2022-09-18,,,,,,,,,,,,,,,,,,,,,,,,,,,,,,,,,,,,,,,,,,,,,,,,,,,,,,,,,,,,,,,,,,,,,,,,,,17.0,17.0,2022-09-18 00:00:00+00:00,468.037,114.30172,2497.12646,584.4948,275.036163,3009.51343,3216.133,3938.996143,9775.30469,4424.695310000001,68.84017387323944,9800,2540,6225.64643,14274,903
110,,2022-09-19,,,,,,,,,,,,,,,,,,,,,,,,,,,,,,,,,,,,,,,,,,,,,,,,,,,,,,,,,,,,,,,,,,,,,,,,,,18.0,18.0,2022-09-19 00:00:00+00:00,468.5256,113.402351,2253.38257,329.660431,276.246979,3004.102,3213.35352,3441.2179310000006,9269.024121,4930.975879,65.27481775352113,9800,2540,6217.4555199999995,14274,903
111,,2022-09-20,,,,,,,,,,,,,,,,,,,,,,,,,,,,,,,,,,,,,,,,,,,,,,,,,,,,,,,,,,,,,,,,,,,,,,,,,,19.0,19.0,2022-09-20 00:00:00+00:00,469.2154,113.728333,1939.56592,334.84726,276.7467,3003.51367,3212.639,3134.103613,8959.78125,5240.21875,63.09705105633803,9800,2540,6216.1526699999995,14274,903
112,,2022-09-21,,,,,,,,,,,,,,,,,,,,,,,,,,,,,,,,,,,,,,,,,,,,,,,,,,,,,,,,,,,,,,,,,,,,,,,,,,20.0,20.0,2022-09-21 00:00:00+00:00,469.214783,112.867462,2088.74414,339.7628,276.737762,3002.36475,3212.319,3287.326947,9112.405473,5087.594527000001,64.171869528169,9800,2540,6214.68375,14274,903
113,,2022-09-22,,,,,,,,,,,,,,,,,,,,,,,,,,,,,,,,,,,,,,,,,,,,,,,,,,,,,,,,,,,,,,,,,,,,,,,,,,21.0,21.0,2022-09-22 00:00:00+00:00,470.676,112.965958,2440.05981,344.328247,278.172028,3002.08032,3212.18945,3646.202043,9469.333827,4730.666173,66.6854494859155,9800,2540,6214.26977,14274,903
114,,2022-09-23,,,,,,,,,,,,,,,,,,,,,,,,,,,,,,,,,,,,,,,,,,,,,,,,,,,,,,,,,,,,,,,,,,,,,,,,,,22.0,22.0,2022-09-23 00:00:00+00:00,470.537,113.849487,2595.724,347.67746,277.116821,2997.06445,3209.72681,3804.904768,9620.72972,4579.270280000001,67.75161774647887,9800,2540,6206.79126,14274,903
115,,2022-09-24,,,,,,,,,,,,,,,,,,,,,,,,,,,,,,,,,,,,,,,,,,,,,,,,,,,,,,,,,,,,,,,,,,,,,,,,,,23.0,23.0,2022-09-24 00:00:00+00:00,470.537,113.524544,2465.38135,572.829468,276.654083,2995.39917,3208.618,3898.926445,9712.764988,4487.235011999999,68.39975343661972,9800,2540,6204.01717,14274,903
116,,2022-09-25,,,,,,,,,,,,,,,,,,,,,,,,,,,,,,,,,,,,,,,,,,,,,,,,,,,,,,,,,,,,,,,,,,,,,,,,,,24.0,24.0,2022-09-25 00:00:00+00:00,470.462463,113.585457,2554.255,585.888733,276.60498,2993.47437,3207.83057,4000.796633,9811.911136,4388.088864000001,69.09796574647886,9800,2540,6201.30494,14274,903
117,,2022-09-26,,,,,,,,,,,,,,,,,,,,,,,,,,,,,,,,,,,,,,,,,,,,,,,,,,,,,,,,,,,,,,,,,,,,,,,,,,25.0,25.0,2022-09-26 00:00:00+00:00,470.676,115.884,2485.95654,594.7777,277.0236,2987.69116,3198.19775,3944.31784,9737.29915,4462.700850000001,68.57252922535211,9800,2540,6185.88891,14274,903
118,,2022-09-27,,,,,,,,,,,,,,,,,,,,,,,,,,,,,,,,,,,,,,,,,,,,,,,,,,,,,,,,,,,,,,,,,,,,,,,,,,26.0,26.0,2022-09-27 00:00:00+00:00,471.013458,117.22998,2358.804,602.450745,277.993378,2983.444,3184.66821,3827.491561,9600.380413,4599.619587000001,67.60831276760563,9800,2540,6168.112209999999,14274,903
119,,2022-09-28,,,,,,,,,,,,,,,,,,,,,,,,,,,,,,,,,,,,,,,,,,,,,,,,,,,,,,,,,,,,,,,,,,,,,,,,,,27.0,27.0,2022-09-28 00:00:00+00:00,472.07,117.087425,2352.39136,742.640869,279.315918,2983.89233,3184.78418,3963.505572,9735.778739,4464.221260999999,68.56182210563381,9800,2540,6168.67651,14274,903
120,,2022-09-29,,,,,,,,,,,,,,,,,,,,,,,,,,,,,,,,,,,,,,,,,,,,,,,,,,,,,,,,,,,,,,,,,,,,,,,,,,28.0,28.0,2022-09-29 00:00:00+00:00,472.4019,117.081169,2021.24011,1017.75037,278.194458,2983.44531,3184.47778,3906.668007,9679.31547,4520.684529999999,68.16419345070423,9800,2540,6167.92309,14274,903
121,,2022-09-30,,,,,,,,,,,,,,,,,,,,,,,,,,,,,,,,,,,,,,,,,,,,,,,,,,,,,,,,,,,,,,,,,,,,,,,,,,29.0,29.0,2022-09-30 00:00:00+00:00,472.906,117.0771,2017.07764,1035.46338,278.2729,2983.47852,3184.58643,3920.79702,9693.51197,4506.48803,68.2641688028169,9800,2540,6168.06495,14274,903
